{"semantics": {"character_character": {"MRR": [0.22539682539682537, null, 0.45999999999999996, 0.3117857142857143, 0.9583333333333334, 0.5800000000000001, null, 0.37627080521817363, 0.14925595238095238, null, 0.27970899470899474, null, 0.25216534577804595, 0.19642857142857142, null, 0.55, 0.1111111111111111, null, null, 0.17261904761904762, 0.29093915343915344, 0.6071428571428571, 0.20833333333333331, 0.41666666666666663, null, 0.4302910052910052, 0.5952380952380952, 0.30529878618113915], "R8": [1.0, null, 0.8, 0.95, 1.0, 1.0, null, 0.6842105263157895, 1.0, null, 0.6666666666666666, null, 0.6842105263157895, 1.0, null, 0.5, 0.0, null, null, 0.8888888888888888, 1.0, 1.0, 1.0, 1.0, null, 0.7619047619047619, 1.0, 0.8823529411764706], "R1": [0.0, null, 0.2, 0.1, 0.9166666666666666, 0.4, null, 0.21052631578947367, 0.0, null, 0.06666666666666667, null, 0.10526315789473684, 0.0, null, 0.5, 0.0, null, null, 0.0, 0.05555555555555555, 0.3333333333333333, 0.0, 0.0, null, 0.2857142857142857, 0.42857142857142855, 0.058823529411764705], "R3": [0.16666666666666666, null, 0.6, 0.3, 1.0, 0.6, null, 0.42105263157894735, 0.0, null, 0.4, null, 0.18421052631578946, 0.0, null, 0.5, 0.0, null, null, 0.1111111111111111, 0.3333333333333333, 0.8333333333333334, 0.0, 1.0, null, 0.42857142857142855, 0.5714285714285714, 0.47058823529411764], "aucs_mean": [0.7028846153846154, null, 0.6666666666666667, 0.601388888888889, 0.9791666666666666, 0.5900000000000001, null, 0.615047233468286, 0.41250000000000003, null, 0.598989898989899, null, 0.7251461988304093, 0.4375, null, 0.5909090909090908, 0.2727272727272727, null, null, 0.38580246913580246, 0.5307539682539683, 0.8737373737373737, 0.3333333333333333, 0.7, null, 0.6782106782106782, 0.7142857142857143, 0.5514705882352942], "aucs_std": [0.11301325732588047, null, 0.3651483716701107, 0.2424038882974619, 0.06909634979907082, 0.4152107898405339, null, 0.32123046300839997, 0.10532687216470446, null, 0.27336438862901147, null, 0.2599033462665983, 0.1875, null, 0.40909090909090906, 0.0, null, null, 0.21454502712324403, 0.25725069081817803, 0.1715128017352215, 0.16666666666666669, 0.10000000000000003, null, 0.2864189751573761, 0.3049106779729928, 0.30334781389318044]}, "character_quotes": {"MRR": [0.012774207849518373, null, 0.01419148001340253, 0.16168322836069882, 0.05580874435319517, 0.06004388831394778, null, 0.02659086852538046, 0.006633099084070889, null, 0.009759018248781361, null, 0.0292208066466849, 0.042026898645211745, null, 0.04160188463580702, 0.012147255510181488, null, null, 0.01452587507653668, 0.03087620160445451, 0.016476727837411793, 0.013212578705002847, 0.032501116699466745, null, 0.0062451314125695255, 0.02221805590021613, 0.018121194226386503], "R10": [0.018077926626182354, null, 0.027327712163914563, 0.28751705654892634, 0.11677238821612314, 0.14377241424419962, null, 0.046151092774984005, 0.009762185637248809, null, 0.013586739672908967, null, 0.0572901539182987, 0.046296296296296294, null, 0.043010752688172046, 0.019650655021834062, null, null, 0.02226999367828076, 0.06025555599998985, 0.03523436293198679, 0.02359702351951101, 0.039878761636717906, null, 0.01004152723875821, 0.03052666521153916, 0.026545272737424887], "R50": [0.06933815819240281, null, 0.08727753920531246, 0.8166666666666668, 0.3015867003055681, 0.5353459432437231, null, 0.15018506659690767, 0.04303839051751071, null, 0.08089124257259038, null, 0.14858758077667428, 0.3055555555555556, null, 0.11505376344086021, 0.08951965065502183, null, null, 0.09647681487862732, 0.28512892934052075, 0.14593584122124445, 0.0682885237188289, 0.23087248322147652, null, 0.042540423787248004, 0.190724637174217, 0.16125547815902355], "R100": [0.128673384908613, null, 0.14959694662813808, 1.0, 0.48437636554780616, 0.9119565217391304, null, 0.23479054450869433, 0.07743621650500189, null, 0.151875047397321, null, 0.22754500727915344, 0.6481481481481481, null, 0.2064516129032258, 0.16593886462882096, null, null, 0.22235334643553462, 0.5626181206517461, 0.23119936644922334, 0.15309828586614696, 0.44689326694089626, null, 0.08664788329292679, 0.3127756207378057, 0.3375533795251946], "aucs_mean": [0.544890565283625, null, 0.5274290768436789, 0.5335759060503363, 0.5941457710155426, 0.5350553316252749, null, 0.5524886488563066, 0.489637896119694, null, 0.5500805026864105, null, 0.5812185549719504, 0.49055710429665034, null, 0.5504846988824937, 0.48323227066693814, null, null, 0.42133207487472907, 0.5160177570954374, 0.6035235341882428, 0.45042338476439914, 0.5704978049839855, null, 0.5338207425647228, 0.5757195578570086, 0.4850491078400671], "aucs_std": [0.035581660182431286, null, 0.060884804977125326, 0.1804890185070025, 0.03209909550119422, 0.08460708679499425, null, 0.0964875762367076, 0.010587438892225512, null, 0.08921702430048861, null, 0.12219094979250392, 0.07395902473560778, null, 0.06451794242759601, 0.0, null, null, 0.1230649646713483, 0.07885654079682289, 0.039168752396445385, 0.007399352721675551, 0.005410549563572953, null, 0.07109394300314174, 0.09513495207942979, 0.1315539553996589]}}, "stel": {"character_character": {"MRR": [0.3068181818181818, null, 0.45, 0.3010912698412699, 0.5833333333333333, 0.5166666666666666, null, 0.17679484258431627, 0.22202380952380954, null, 0.2216426166426166, null, 0.1476570716516856, 0.12698412698412698, null, 0.125, 1.0, null, null, 0.4340828924162257, 0.26871693121693124, 0.46527777777777773, 0.16666666666666666, 0.3333333333333333, null, 0.15884750170464457, 0.4061224489795919, 0.2497432306255836], "R8": [0.3333333333333333, null, 1.0, 0.95, 1.0, 1.0, null, 0.5789473684210527, 1.0, null, 0.8666666666666667, null, 0.34210526315789475, 0.5, null, 0.5, 1.0, null, null, 0.7777777777777778, 1.0, 1.0, 1.0, 1.0, null, 0.5238095238095238, 1.0, 0.9411764705882353], "R1": [0.16666666666666666, null, 0.2, 0.1, 0.25, 0.2, null, 0.0, 0.0, null, 0.0, null, 0.02631578947368421, 0.0, null, 0.0, 1.0, null, null, 0.3333333333333333, 0.05555555555555555, 0.16666666666666666, 0.0, 0.0, null, 0.0, 0.14285714285714285, 0.058823529411764705], "R3": [0.3333333333333333, null, 0.6, 0.25, 1.0, 0.8, null, 0.15789473684210525, 0.125, null, 0.26666666666666666, null, 0.10526315789473684, 0.0, null, 0.0, 1.0, null, null, 0.3333333333333333, 0.2222222222222222, 0.6666666666666666, 0.0, 1.0, null, 0.09523809523809523, 0.7142857142857143, 0.17647058823529413], "aucs_mean": [0.4636370573870574, null, 0.7555555555555555, 0.5770833333333335, 0.75, 0.6799999999999999, null, 0.5192307692307692, 0.625, null, 0.5934343434343435, null, 0.5721247563352826, 0.125, null, 0.2727272727272727, 1.0, null, null, 0.5432098765432098, 0.4642857142857143, 0.7853535353535354, 0.16666666666666663, 0.6, null, 0.4282106782106781, 0.5952380952380952, 0.4411764705882353], "aucs_std": [0.3767141035049771, null, 0.19116278371205836, 0.2386899607787123, 0.1767766952966369, 0.2501999200639361, null, 0.23270109060949887, 0.10897247358851683, null, 0.21160953197107701, null, 0.261849683112609, 0.125, null, 0.2727272727272727, 0.0, null, null, 0.3607812147210483, 0.2743266338524503, 0.220334613957835, 0.0, 0.0, null, 0.2637783350754958, 0.3067642553982173, 0.271561548714991]}, "character_quotes": {"MRR": [0.00916998601600297, null, 0.01127065528462336, 0.09521465960254871, 0.030917853457676243, 0.055936427885854255, null, 0.012326024005352678, 0.0060076533826665165, null, 0.007667901406898335, null, 0.015567314654834357, 0.1050992279681223, null, 0.01038541812734538, 0.020199615569609, null, null, 0.019796667871360075, 0.032858908195358055, 0.00799557086279058, 0.011339887560100344, 0.03623635316902085, null, 0.0034188417807956167, 0.014651090335376765, 0.023691834894834],