{"semantics": {"character_character": {"MRR": [0.4486111111111111, null, 0.5555555555555556, 0.3791847041847042, 1.0, 0.5566666666666668, null, 0.38200045568466623, 0.1452876984126984, null, 0.2855579605579605, null, 0.3516069491224289, 0.1625, null, 0.5625, 0.14285714285714285, null, null, 0.21975308641975308, 0.28377425044091714, 0.6904761904761904, 0.20833333333333331, 0.41666666666666663, null, 0.4278739778739778, 0.6, 0.336344537815126], "R8": [1.0, null, 0.8, 0.9545454545454546, 1.0, 1.0, null, 0.8421052631578947, 0.875, null, 0.8, null, 0.7631578947368421, 1.0, null, 1.0, 1.0, null, null, 0.8888888888888888, 0.8888888888888888, 1.0, 1.0, 1.0, null, 0.9047619047619048, 1.0, 1.0], "R1": [0.3333333333333333, null, 0.4, 0.18181818181818182, 1.0, 0.4, null, 0.21052631578947367, 0.0, null, 0.06666666666666667, null, 0.18421052631578946, 0.0, null, 0.5, 0.0, null, null, 0.0, 0.1111111111111111, 0.5, 0.0, 0.0, null, 0.19047619047619047, 0.42857142857142855, 0.058823529411764705], "R3": [0.3333333333333333, null, 0.8, 0.45454545454545453, 1.0, 0.6, null, 0.42105263157894735, 0.0, null, 0.26666666666666666, null, 0.34210526315789475, 0.0, null, 0.5, 0.0, null, null, 0.2222222222222222, 0.2222222222222222, 0.8333333333333334, 0.0, 1.0, null, 0.6190476190476191, 0.5714285714285714, 0.5882352941176471], "aucs_mean": [0.7744123931623932, null, 0.7333333333333333, 0.6651515151515153, 1.0, 0.58, null, 0.7115384615384613, 0.3875, null, 0.6217171717171717, null, 0.8079922027290448, 0.3125, null, 0.6818181818181819, 0.4545454545454546, null, null, 0.513888888888889, 0.47718253968253976, 0.8876262626262627, 0.3333333333333333, 0.7, null, 0.7550505050505051, 0.738095238095238, 0.6323529411764706], "aucs_std": [0.17121189841324042, null, 0.3265986323710904, 0.2438076060346161, 0.0, 0.38157568056677826, null, 0.2541312348412839, 0.12686114456365274, null, 0.24636113077028368, null, 0.2132454712596993, 0.1875, null, 0.3181818181818182, 0.0, null, null, 0.2432208432696981, 0.2721745671879272, 0.17768969494895287, 0.16666666666666669, 0.10000000000000003, null, 0.23605371203134934, 0.2651316363252392, 0.244312466556414]}, "character_quotes": {"MRR": [0.012517102645907371, null, 0.00996782739596562, 0.051092792641514076, 0.036383867037705256, 0.04536543617002146, null, 0.01626635086866034, 0.00522801122768244, null, 0.006533581342057976, null, 0.015594577108094651, 0.017586635186968902, null, 0.0352134164179578, 0.011603880968904353, null, null, 0.012947815093676394, 0.012545432287944079, 0.014999289314897907, 0.012714761397466912, 0.026353806126622643, null, 0.006433174428636188, 0.018973096927618765, 0.04670699847506495], "R10": [0.01847242957808966, null, 0.015035753052439487, 0.07501247345306389, 0.062384393596896216, 0.08696941192373321, null, 0.03287848389313086, 0.007542729474942492, null, 0.008210851883298106, null, 0.027748255529738364, 0.021739130434782608, null, 0.03615111461826791, 0.01953125, null, null, 0.01565111863918106, 0.019852208373861445, 0.03227429242563635, 0.018406207496265245, 0.040850515463917526, null, 0.009117660954926828, 0.029355622051120883, 0.05598508441225953], "R50": [0.07308535574161275, null, 0.06737103285575517, 0.21194957377312315, 0.19770524009759807, 0.3088093342325697, null, 0.10303865074850563, 0.03220961068550515, null, 0.05239598079960327, null, 0.08891683956141927, 0.1597826086956522, null, 0.08981061353324127, 0.08984375, null, null, 0.09012148721545368, 0.10967086418360428, 0.1270924245413931, 0.060151842850453746, 0.2034020618556701, null, 0.0423369806082772, 0.16890679610321419, 0.12310545317136003], "R100": [0.13323039336449863, null, 0.11985225174557121, 0.34489148987156554, 0.2916205085496364, 0.575384405870298, null, 0.1569654961673368, 0.06350569345145984, null, 0.09796306191134319, null, 0.13282370682533087, 0.3358695652173913, null, 0.1894851055434997, 0.1640625, null, null, 0.17659706218615184, 0.2205272045152407, 0.2130457906835952, 0.13035407701398025, 0.4208762886597938, null, 0.07605751169085688, 0.26307737912345674, 0.20987138193609106], "aucs_mean": [0.5541183142731714, null, 0.5268591273568602, 0.5443637609583539, 0.5947907572408409, 0.5253435408627026, null, 0.5628056834220824, 0.4893416282968198, null, 0.5415212580600273, null, 0.5821153566011923, 0.46142667493236367, null, 0.5846914448816498, 0.49534458705357143, null, null, 0.5097798604939013, 0.5060330036612364, 0.6004632672789199, 0.45314223855970004, 0.5727408563003342, null, 0.5453533781581063, 0.5760791051282432, 0.5229250661194594], "aucs_std": [0.033362174899488825, null, 0.05639929080104549, 0.08958675881680392, 0.029075048454055376, 0.09816312862083473, null, 0.0696124914742518, 0.010894089604869463, null, 0.08195376080907754, null, 0.0683697123090205, 0.07128360544146808, null, 0.07106805793667653, 0.0, null, null, 0.05078876104866008, 0.0704649000231776, 0.03755802930167807, 0.0036774914205343068, 0.0023793178387956915, null, 0.06176800857089228, 0.0952407817133512, 0.07074500129114794]}}, "stel": {"character_character": {"MRR": [0.235042735042735, null, 0.5166666666666667, 0.3228354978354979, 0.736111111111111, 0.4666666666666666, null, 0.2558257531941742, 0.2511904761904762, null, 0.37502886002886, null, 0.22902270893837545, 0.15555555555555556, null, 0.16666666666666666, 1.0, null, null, 0.21062610229276896, 0.2312389770723104, 0.5462962962962963, 0.18333333333333335, 0.41666666666666663, null, 0.2509070294784581, 0.4465986394557824, 0.2968720821661998], "R8": [0.5, null, 1.0, 0.9545454545454546, 1.0, 1.0, null, 0.631578947368421, 1.0, null, 0.9333333333333333, null, 0.47368421052631576, 0.5, null, 0.5, 1.0, null, null, 0.7777777777777778, 0.9444444444444444, 0.8333333333333334, 1.0, 1.0, null, 0.9523809523809523, 1.0, 0.9411764705882353], "R1": [0.0, null, 0.2, 0.09090909090909091, 0.5, 0.2, null, 0.10526315789473684, 0.0, null, 0.2, null, 0.10526315789473684, 0.0, null, 0.0, 1.0, null, null, 0.0, 0.0, 0.3333333333333333, 0.0, 0.0, null, 0.0, 0.2857142857142857, 0.058823529411764705], "R3": [0.3333333333333333, null, 0.8, 0.36363636363636365, 1.0, 0.6, null, 0.21052631578947367, 0.375, null, 0.3333333333333333, null, 0.18421052631578946, 0.0, null, 0.0, 1.0, null, null, 0.2222222222222222, 0.3333333333333333, 0.6666666666666666, 0.0, 1.0, null, 0.23809523809523808, 0.42857142857142855, 0.4117647058823529], "aucs_mean": [0.5128434065934065, null, 0.8444444444444443, 0.648989898989899, 0.8541666666666666, 0.6, null, 0.5347503373819164, 0.625, null, 0.697979797979798, null, 0.6569200779727095, 0.25, null, 0.36363636363636365, 1.0, null, null, 0.42901234567901236, 0.4017857142857143, 0.7853535353535354, 0.25, 0.7, null, 0.6926406926406925, 0.5476190476190477, 0.5367647058823529], "aucs_std": [0.34166758273338593, null, 0.1133115447465063, 0.23440492488278736, 0.16002386974726265, 0.26267851073127396, null, 0.29737914634287255, 0.1713913650100261, null, 0.22772457888462722, null, 0.25739853162173976, 0.25, null, 0.36363636363636365, 0.0, null, null, 0.2805757574657657, 0.31187579382019226, 0.25446226795273963, 0.08333333333333337, 0.10000000000000003, null, 0.15390559169329623, 0.3417309546287458, 0.2931970887849542]}, "character_quotes": {"MRR": [0.007879306775562993, null, 0.010256046149058912, 0.01972429841837869, 0.018675932062469074, 0.03510101225081623, null, 0.009013353949356982, 0.0049649553241067875, null, 0.004911032906874373, null, 0.009060646571509368, 0.04815655624817498, null, 0.008305278185959573, 0.018939432136041136, null, null, 0.010534023685256643, 0.016420762318946833, 0.008211945389315847, 0.011874072866807785, 0.029990235220046187, null, 0.005510710974696314, 0.011557935704260702, 0.01379079764827617],