{"drama_luar": {"character_character": {"R8": [1.0, 0.8571428571428571, 1.0, 0.9545454545454546, 0.972972972972973, null, 1.0, null, 0.8333333333333334, 1.0, 1.0, 1.0, 1.0, 1.0, 1.0, 1.0, 0.8875, 0.8695652173913043, 1.0, 1.0, 0.9285714285714286, 0.7857142857142857, 1.0, 0.9696969696969697, 1.0, 1.0, 1.0, 1.0], "R1": [0.7058823529411765, 0.5714285714285714, 0.8, 0.45454545454545453, 0.43243243243243246, null, 0.8181818181818182, null, 0.3333333333333333, 0.6666666666666666, 1.0, 0.4, 0.5, 0.6078431372549019, 0.7777777777777778, 0.9, 0.525, 0.391304347826087, 0.75, 0.27586206896551724, 0.5357142857142857, 0.14285714285714285, 0.6, 0.6060606060606061, 0.8809523809523809, 0.4166666666666667, 0.4782608695652174, 0.26666666666666666], "R3": [1.0, 0.7142857142857143, 0.9333333333333333, 0.7272727272727273, 0.7837837837837838, null, 0.9090909090909091, null, 0.6666666666666666, 0.7777777777777778, 1.0, 0.8, 1.0, 0.9019607843137255, 1.0, 1.0, 0.725, 0.6956521739130435, 1.0, 0.6896551724137931, 0.7142857142857143, 0.6428571428571429, 0.8, 0.9393939393939394, 0.9761904761904762, 0.8333333333333334, 0.8043478260869565, 0.5333333333333333], "MRR": [0.8333333333333333, 0.6781746031746031, 0.88, 0.6325757575757576, 0.6216011466011466, null, 0.8863636363636364, null, 0.49074074074074076, 0.7473544973544973, 1.0, 0.6166666666666666, 0.7291666666666666, 0.7596872082166201, 0.8888888888888888, 0.9333333333333332, 0.6503050819686849, 0.5450310559006211, 0.875, 0.5178981937602627, 0.6715007215007215, 0.377612863327149, 0.75, 0.7674825174825174, 0.9265873015873017, 0.6069444444444444, 0.6686853002070393, 0.49091269841269836], "aucs_mean": [0.9274509803921569, 0.8716836734693878, 0.9636363636363635, 0.8282828282828283, 0.8486486486486485, null, 0.9696969696969696, null, 0.6458333333333334, 0.8981481481481483, 1.0, 0.9076923076923077, 0.9431818181818181, 0.9289844142785318, 0.9797979797979798, 0.96, 0.8990384615384617, 0.6992753623188406, 0.95, 0.7672413793103449, 0.8321428571428571, 0.773109243697479, 0.8666666666666668, 0.926078971533517, 0.9464285714285714, 0.775, 0.9006916996047432, 0.7208333333333333], "aucs_std": [0.12484515591946357, 0.2023446488904774, 0.092709445701687, 0.236242738657101, 0.20745774121508634, null, 0.07344969480933831, null, 0.35660922434632686, 0.16563466499998442, 0.0, 0.08970695222838926, 0.06327004957761391, 0.13267013156947577, 0.03779451905832266, 0.12, 0.18582501987040817, 0.340960659938859, 0.08660254037844385, 0.2219722963721333, 0.25642260239769854, 0.23514400974173486, 0.19436506316151, 0.1762424668624726, 0.15938604570233197, 0.21821031309436487, 0.1323824890993671, 0.25755932434209317], "aucs_mean_major": [0.9274509803921569, 0.9553571428571429, 0.9834710743801653, 0.8888888888888888, 0.8638888888888887, null, 0.9696969696969696, null, 0.8333333333333334, 0.9166666666666667, 1.0, 0.923076923076923, 0.9393939393939393, 0.9421620046620045, 1.0, 1.0, 0.9247049247049247, 0.7202380952380951, 0.95, 0.8583333333333333, 0.9750000000000001, 0.8758169934640523, 0.9444444444444445, 0.9550189393939394, 0.95, 0.7300000000000001, 0.9228091728091727, 0.8011363636363636], "aucs_mean_intermediate": [null, 0.7880102040816327, 0.9090909090909091, 0.6984126984126985, 0.30000000000000004, null, null, null, 0.4583333333333333, 0.75, null, 0.8846153846153846, 0.9545454545454546, 0.8461538461538461, 0.974025974025974, 0.9333333333333332, 0.8039215686274509, 0.6666666666666666, null, 0.6696428571428571, 0.725, 0.588235294117647, 0.75, 0.0, 0.9285714285714286, 1.0, 0.8097643097643097, 0.5]}, "character_quotes": {"aucs_mean_major": [0.5458122087347652, 0.5594812320438705, 0.5802013025368729, 0.6033360200360904, 0.5353036789841707, null, 0.5330310928478997, null, 0.4913118425767086, 0.5944178221999037, 0.5090870515054206, 0.5067733676659895, 0.5441375184784066, 0.6518523287649755, 0.5711406381725168, 0.6389041387972361, 0.6444561604736504, 0.5245342202820711, 0.6281159413503402, 0.4815337265422746, 0.5951010666607831, 0.5374275096951817, 0.5526657561762632, 0.5685101518909077, 0.6946282752503108, 0.5249208010920257, 0.5407664041875533, 0.4995091887460509], "aucs_mean_intermediate": [null, 0.6517609663573926, 0.6927299512155678, 0.5222903105279535, 0.7961666666666667, null, null, null, 0.6841296887866183, 0.5355615687846595, null, 0.6157578526715851, 0.6231900360866292, 0.763239824971972, 0.757771271159399, 0.7180482739468873, 0.6838589609494184, 0.6135799030054547, null, 0.5912993164244166, 0.65130058400455, 0.6175623040671014, 0.6683427365791678, 0.6666067415730337, 0.5927431720196884, 0.7823930889358489, 0.6621491626486163, 0.523605328417827], "aucs_mean": [0.5458122087347652, 0.6056210992006316, 0.6102089421845248, 0.5775487488289559, 0.5423540300026165, null, 0.5330310928478997, null, 0.5877207656816634, 0.5878782384870986, 0.5090870515054206, 0.5503671616682277, 0.5639006478804622, 0.6671408086365241, 0.7162977971623141, 0.6863906198870269, 0.6528292555747509, 0.5593781830868734, 0.6281159413503402, 0.5345240113129639, 0.6272150765715071, 0.5660470791137245, 0.598936548337425, 0.5714827758206691, 0.6776474247118737, 0.5678328490659962, 0.5645152047560221, 0.5059348259918577], "aucs_std": [0.060219622079760005, 0.1042711275908603, 0.0923057970478618, 0.061601419455091684, 0.059654032958028555, null, 0.05290614764231382, null, 0.165911133294556, 0.08008212177944003, 0.03107605700267191, 0.061598516846700195, 0.08034645876782177, 0.1051086633593794, 0.10948725772170301, 0.09982711434572628, 0.1005658100168304, 0.08475966383121922, 0.006146679698437951, 0.0676170932665921, 0.11259843534170932, 0.0692930317527332, 0.059337639055396976, 0.04029333587687357, 0.0842184387465741, 0.10530288839799702, 0.0964148555348686, 0.06533478845611539]}}}