{"drama_luar": {"character_character": {"R8": [1.0, 0.8571428571428571, 1.0, 0.9545454545454546, 0.9459459459459459, null, 1.0, null, 0.6666666666666666, 1.0, 1.0, 1.0, 1.0, 0.9803921568627451, 1.0, 1.0, 0.7625, 0.8181818181818182, 1.0, 1.0, 0.8846153846153846, 0.7857142857142857, 1.0, 0.9696969696969697, 1.0, 1.0, 0.9782608695652174, 0.9666666666666667], "R1": [0.7058823529411765, 0.5, 0.6666666666666666, 0.4090909090909091, 0.35135135135135137, null, 0.7272727272727273, null, 0.3333333333333333, 0.6666666666666666, 1.0, 0.4, 0.625, 0.5686274509803921, 0.7777777777777778, 0.7, 0.4375, 0.4090909090909091, 0.75, 0.3448275862068966, 0.46153846153846156, 0.21428571428571427, 0.6, 0.42424242424242425, 0.8095238095238095, 0.3333333333333333, 0.4782608695652174, 0.2], "R3": [1.0, 0.6428571428571429, 0.8666666666666667, 0.7727272727272727, 0.7297297297297297, null, 0.9090909090909091, null, 0.6666666666666666, 0.6666666666666666, 1.0, 0.8, 0.75, 0.8823529411764706, 0.7777777777777778, 1.0, 0.575, 0.6818181818181818, 1.0, 0.6206896551724138, 0.6153846153846154, 0.7142857142857143, 0.8, 0.8787878787878788, 0.9285714285714286, 0.9166666666666666, 0.8478260869565217, 0.43333333333333335], "MRR": [0.8333333333333333, 0.614423076923077, 0.7966666666666666, 0.6133116883116884, 0.5623669123669123, null, 0.8409090909090909, null, 0.48148148148148157, 0.7325396825396826, 1.0, 0.5833333333333333, 0.75, 0.7413398692810458, 0.8333333333333334, 0.85, 0.5573635783470342, 0.5659632034632034, 0.875, 0.5351395730706076, 0.5832722832722832, 0.4187499999999999, 0.7333333333333333, 0.6516095016095016, 0.8829365079365078, 0.6, 0.6679347826086957, 0.41108465608465605], "aucs_mean": [0.9274509803921569, 0.7991071428571429, 0.9393939393939392, 0.8232323232323234, 0.8216216216216217, null, 0.962121212121212, null, 0.5833333333333334, 0.8796296296296297, 1.0, 0.8923076923076924, 0.9204545454545455, 0.927476118652589, 0.9393939393939394, 0.9349999999999999, 0.8411502849002849, 0.706439393939394, 0.95, 0.7456896551724138, 0.704059829059829, 0.7436974789915967, 0.8, 0.8879706152433425, 0.9107142857142857, 0.8027777777777777, 0.8898221343873517, 0.6208333333333333], "aucs_std": [0.12484515591946357, 0.3118015153089856, 0.10841541709089889, 0.24310720296078261, 0.22072991339562614, null, 0.07422696190252054, null, 0.42491829279939874, 0.18049619157053637, 0.0, 0.09230769230769234, 0.1153283132396843, 0.13575370538017018, 0.11338355717496791, 0.10012492197250392, 0.23960213405584282, 0.3582416944560902, 0.08660254037844385, 0.24888275919400088, 0.34849700244475734, 0.31490188105128963, 0.3231786571610886, 0.1910784370664846, 0.2100271281473494, 0.19025243140186404, 0.16814758967630075, 0.30530608502870615], "aucs_mean_major": [0.9274509803921569, 0.9732142857142857, 0.9504132231404957, 0.8962962962962963, 0.8416666666666667, null, 0.962121212121212, null, 0.8333333333333334, 0.90625, 1.0, 0.9487179487179488, 0.9393939393939394, 0.9421620046620045, 1.0, 1.0, 0.8976393976393975, 0.7371031746031746, 0.95, 0.85, 1.0, 0.8888888888888888, 0.9444444444444445, 0.9157196969696969, 0.9357142857142857, 0.7633333333333334, 0.9252661752661753, 0.7215909090909091], "aucs_mean_intermediate": [null, 0.625, 0.9090909090909091, 0.6666666666666667, 0.09999999999999998, null, null, null, 0.3333333333333333, 0.6666666666666667, null, 0.8076923076923077, 0.8636363636363636, 0.8351648351648351, 0.9220779220779222, 0.8916666666666666, 0.6318082788671023, 0.6527777777777777, null, 0.6339285714285714, 0.4503968253968254, 0.48235294117647065, 0.5833333333333333, 0.0, 0.7857142857142857, 1.0, 0.7441077441077442, 0.34375]}, "character_quotes": {"aucs_mean_major": [0.5439246064278285, 0.5620188889877277, 0.5828570827967666, 0.6068027771404368, 0.5375021489429286, null, 0.5308729817113016, null, 0.4928268604958914, 0.5913253946084052, 0.5177246901043197, 0.5043219888576654, 0.5562499691622947, 0.6648492274644919, 0.5657978889554625, 0.6092409681980314, 0.6312944922892647, 0.49462550814347744, 0.6335965195134343, 0.4975896218839699, 0.5926132224878017, 0.5392702741033606, 0.5540767823488687, 0.5701868807424528, 0.7029121012956323, 0.528953525141039, 0.5481912828877613, 0.4965371777426947], "aucs_mean_intermediate": [null, 0.6622370425915499, 0.7243911681004739, 0.519965079772859, 0.8253550762756444, null, null, null, 0.7890407988470548, 0.5159646739130435, null, 0.602569087620304, 0.6338299188288454, 0.7615590849573326, 0.7924489666462089, 0.7175278334776145, 0.7165060761746794, 0.7053211643761595, null, 0.5998604636821229, 0.6982076685979035, 0.584135757553569, 0.6601985234536779, 0.6889016676250719, 0.6084766175541951, 0.7735975088916265, 0.6507879676043521, 0.4091968532812136], "aucs_mean": [0.5439246064278285, 0.6121279657896387, 0.6205995055444219, 0.5791726007052984, 0.5452819577897587, null, 0.5308729817113016, null, 0.640933829671473, 0.5829519811978093, 0.5177246901043197, 0.5436208283627209, 0.5756449565789323, 0.6781231294733132, 0.7420820604927097, 0.6742130873657813, 0.6494019538649155, 0.5712421104099071, 0.6335965195134343, 0.5469617524072161, 0.6494717703932411, 0.5552936610498636, 0.5965254787907923, 0.5737842985267747, 0.6871728540053927, 0.5697275224328036, 0.5682645472888332, 0.47324642455296634], "aucs_std": [0.07347032689978408, 0.10743098969714926, 0.10871358513703307, 0.0701914122447938, 0.0658068715429778, null, 0.060961951026025696, null, 0.19775951253147442, 0.09307042944416533, 0.03491575257581983, 0.056014237054559324, 0.08936880390849791, 0.11847961173467683, 0.125346520530821, 0.1312688919022688, 0.13034732467672264, 0.14139220484760642, 0.007255400053250798, 0.07758961395235466, 0.18044830825936925, 0.06764307880413344, 0.052987492864198064, 0.0496659555517814, 0.08618180487480563, 0.10271312284334962, 0.10241486495666653, 0.08560090609826919]}}}