{"drama_luar": {"character_character": {"R8": [1.0, 0.92, 0.9682539682539683, 1.0, 0.9902912621359223, 1.0, 0.9805825242718447, 1.0, 0.96, 0.9629629629629629, 1.0, 0.9642857142857143, 0.9571428571428572, 0.9693877551020408, 1.0, 1.0, 0.905511811023622, 0.975609756097561, 1.0, 1.0, 0.896551724137931, 0.8636363636363636, 1.0, 0.9508196721311475, 1.0, 1.0, 0.989247311827957, 1.0], "R1": [0.7567567567567568, 0.56, 0.6031746031746031, 0.746268656716418, 0.6796116504854369, 0.5, 0.6310679611650486, 0.6764705882352942, 0.6, 0.5740740740740741, 0.803921568627451, 0.6547619047619048, 0.5, 0.5816326530612245, 0.6615384615384615, 0.9, 0.5669291338582677, 0.4634146341463415, 0.6071428571428571, 0.2571428571428571, 0.5172413793103449, 0.4090909090909091, 0.5, 0.8032786885245902, 0.92, 0.7333333333333333, 0.6774193548387096, 0.18421052631578946], "R3": [0.8918918918918919, 0.76, 0.8571428571428571, 0.9104477611940298, 0.912621359223301, 0.84375, 0.883495145631068, 0.8823529411764706, 0.72, 0.7592592592592593, 0.9803921568627451, 0.8690476190476191, 0.7285714285714285, 0.9081632653061225, 0.9384615384615385, 1.0, 0.7401574803149606, 0.7560975609756098, 0.8928571428571429, 0.6571428571428571, 0.7241379310344828, 0.6363636363636364, 0.825, 0.9508196721311475, 0.9866666666666667, 0.9, 0.8924731182795699, 0.6052631578947368], "MRR": [0.8448519948519949, 0.6787142857142857, 0.7438019652305367, 0.8393034825870647, 0.8049583911234396, 0.687797619047619, 0.7692248420403761, 0.7894957983193277, 0.7004444444444445, 0.708032708032708, 0.8872549019607845, 0.7827515407872551, 0.648787878787879, 0.743306353510435, 0.8124542124542125, 0.9333333333333332, 0.6828608245236313, 0.6329945799457994, 0.7601190476190477, 0.49125850340136046, 0.6533263671194706, 0.565230839236521, 0.675, 0.8733011069076643, 0.9544444444444444, 0.8305555555555555, 0.7919354838709678, 0.44605263157894737], "aucs_mean": [0.8963963963963966, 0.8657380952380953, 0.9018759018759019, 0.9419568822553896, 0.9271844660194175, 0.890625, 0.9263754045307444, 0.8725490196078431, 0.815, 0.8841189674523008, 0.9411764705882353, 0.9221611721611721, 0.8545454545454545, 0.9221611721611722, 0.951048951048951, 0.96, 0.9071606433811157, 0.815040650406504, 0.8428571428571429, 0.7357142857142858, 0.8103448275862067, 0.8328877005347594, 0.8125, 0.9398907103825136, 0.97, 0.91, 0.9287227109807755, 0.7302631578947368], "aucs_std": [0.23996793877238204, 0.22083234372772748, 0.18910477478687823, 0.11575408535068091, 0.15838638680671308, 0.1548373642729687, 0.14188825753357853, 0.23241705080646466, 0.2718455443813637, 0.19370310836285362, 0.13310245292923248, 0.1805934175894012, 0.20753230499156547, 0.16131778303190328, 0.09968408213261797, 0.12, 0.18031414999296874, 0.2499329747624167, 0.2583305902860732, 0.24598821939603666, 0.27835084235324914, 0.2349406374991414, 0.23329612798615695, 0.19323657139997424, 0.1151810169544733, 0.1658089038399102, 0.15113685488135561, 0.20384122874775878], "aucs_mean_major": [0.9408602150537635, 0.9801282051282052, 0.9575757575757576, 0.98005698005698, 0.9606741573033708, 0.9769230769230769, 0.9399509803921569, 0.9347826086956523, 0.9423076923076923, 0.9594155844155844, 0.962162162162162, 0.9599358974358975, 0.8841354723707664, 0.9460920605498918, 0.9647495361781077, 1.0, 0.9322847828002467, 0.85727969348659, 0.9400000000000001, 0.859375, 0.9833333333333334, 0.9298245614035088, 0.8910256410256411, 0.981737012987013, 0.9745762711864406, 0.9083333333333333, 0.9609405745769383, 0.7788461538461539], "aucs_mean_intermediate": [0.6666666666666666, 0.7418154761904762, 0.8512396694214877, 0.888888888888889, 0.7142857142857143, 0.831578947368421, 0.9000000000000001, 0.7424242424242423, 0.6770833333333334, 0.8030303030303029, 0.8857142857142858, 0.8717948717948718, 0.7751196172248803, 0.7897435897435898, 0.9090909090909091, 0.9333333333333332, 0.825925925925926, 0.7129629629629629, 0.6, 0.631578947368421, 0.6882352941176472, 0.6546489563567363, 0.6666666666666667, 0.4712121212121212, 0.953125, 0.9166666666666666, 0.7736742424242424, 0.625]}, "character_quotes": {"aucs_mean_major": [0.580345017691524, 0.5664624677426018, 0.5679451163186006, 0.6110372137589847, 0.5527726135218094, 0.7426028349611987, 0.5324962928230196, 0.5689895662670093, 0.5068281190589388, 0.5756959334322632, 0.5923314423337489, 0.5525868440564599, 0.5443076207965866, 0.6671580790120812, 0.5541431621053764, 0.6318369879654528, 0.6411419461686817, 0.5833295257767616, 0.5495351611029423, 0.48058546653642586, 0.600658774254404, 0.5459893634701095, 0.5462803550524886, 0.5608108750596382, 0.7112405401447074, 0.5313688810251498, 0.5531086338394713, 0.5051623130602851], "aucs_mean_intermediate": [0.582039490203349, 0.6593244903990457, 0.6188922852837013, 0.5589493552882676, 0.5959894452384423, 0.7035529408735853, 0.640605367043489, 0.5937827122619104, 0.6543073564311245, 0.5929501260267422, 0.6161534588667843, 0.6150737739012923, 0.6273822297151811, 0.7649243239776105, 0.7311346429257443, 0.7178067606658548, 0.6990634941705588, 0.6007321275887265, 0.5912634956845848, 0.5910185854956209, 0.6367376718315974, 0.5992389897213005, 0.5455081918228039, 0.6625162946880332, 0.6322921116548492, 0.6379071929925869, 0.6642320904659798, 0.5832810265069373], "aucs_mean": [0.5806197970177659, 0.611036238617695, 0.5946317286336533, 0.5892691535025656, 0.5586467459881478, 0.7194169603466782, 0.5692323860047325, 0.5770108782065358, 0.5776181529975879, 0.5840035076444199, 0.5988708194212489, 0.5793669568471023, 0.5668564432173478, 0.6821223001802745, 0.5977102958457747, 0.6834188515856939, 0.654824201602196, 0.5884229702095317, 0.561457542411983, 0.5405348739714175, 0.6218084728341381, 0.56474775453587, 0.546010097922099, 0.5691473848652444, 0.6943982087335375, 0.5526765434186373, 0.5722266478827415, 0.5298313804644911], "aucs_std": [0.07058753906642581, 0.1043890623977049, 0.09311609390518408, 0.06455296774960319, 0.05469166152059753, 0.10852864607353259, 0.09149313507358413, 0.07700558269608856, 0.11917608423082769, 0.09403855933378036, 0.08504598810590076, 0.09530649092371334, 0.08713597958336187, 0.09595553505535726, 0.10272819202790003, 0.08694057416912263, 0.0971589887078093, 0.07616955029309479, 0.11948291347215284, 0.06718519730342572, 0.11625447065604647, 0.07174564130204414, 0.06557320697325436, 0.05292186091616759, 0.07543939884278857, 0.08048998363630122, 0.08840728173815961, 0.09569328785227516]}}}